target,horizon_h,model,R2,RMSE,MAE,bias,skill_vs_persistence,n
visibility,1,GRU,0.6244,1342.1968,669.1638,175.2346,-0.7438,176824
visibility,1,LSTM,0.6374,1318.9383,667.9169,132.1076,-0.6839,176824
visibility,1,LightGBM,0.8212,926.4935,446.0785,-0.3412,0.1706,178147
visibility,1,LinearRegression,0.706,1188.1901,661.753,8.9966,-0.3642,178147
visibility,1,Persistence,0.7845,1017.3059,372.5823,-1.2606,0.0,178147
visibility,1,Transformer,0.6633,1270.9389,640.8315,114.8297,-0.5635,176824
visibility,1,XGBoost,0.8208,927.7117,448.0618,-0.1927,0.1684,178147
visibility,3,GRU,0.3991,1697.5361,925.0806,309.6009,-0.1017,176736
visibility,3,LSTM,0.4269,1657.8077,964.8287,198.0625,-0.0507,176736
visibility,3,LightGBM,0.5865,1408.7601,814.8139,38.4877,0.2422,178136
visibility,3,LinearRegression,0.4937,1558.8258,901.3734,132.9002,0.0721,178136
visibility,3,Persistence,0.4543,1618.2507,709.4625,100.7556,0.0,178136
visibility,3,Transformer,0.4779,1582.3453,911.1741,91.5611,0.0428,176736
visibility,3,XGBoost,0.588,1406.2429,805.0088,51.8641,0.2449,178136
visibility,6,GRU,0.1892,1972.2126,1175.7104,390.5516,0.0727,176544
visibility,6,LSTM,0.2505,1896.1372,1096.2155,357.4863,0.1429,176544
visibility,6,LightGBM,0.397,1700.9497,1039.7184,117.7047,0.3109,177923
visibility,6,LinearRegression,0.3239,1801.1013,1071.8941,246.4024,0.2273,177923
visibility,6,Persistence,0.125,2048.9992,990.0323,186.8878,0.0,177923
visibility,6,Transformer,0.3172,1809.8682,1047.8953,259.0659,0.2191,176544
visibility,6,XGBoost,0.3967,1701.4035,1040.6881,110.9231,0.3105,177923
