target,horizon_h,model,rmse,ci_low,ci_high
visibility,2,lstm,1182.0465334413582,1155.1678882216572,1212.8208980106936
visibility,2,gru,1192.652135343365,1165.0092821006278,1223.6725968038952
visibility,2,transformer,1140.9267737168118,1115.6468049021191,1170.356266634571
visibility,2,Persistence,1061.9851381076548,1036.2881965041067,1086.7449944873194
visibility,2,LinearRegression,1102.597869785454,1069.2372234951526,1138.7020970834822
visibility,2,XGBoost,955.7214746927257,933.88370892934,977.2604156632226
visibility,2,LightGBM,954.2899306476232,931.8853591595337,976.318154919699
visibility,4,lstm,1376.2917274392537,1342.7573857459136,1412.6450497433004
visibility,4,gru,1418.1620388154074,1382.9751562429615,1456.0352506843951
visibility,4,transformer,1331.4205453232785,1298.7389121122485,1365.3103866665997
visibility,4,Persistence,1439.0041808060173,1405.2510351706455,1472.1635585904367
visibility,4,LinearRegression,1317.0191781407577,1282.3911838699462,1351.2710377167716
visibility,4,XGBoost,1242.1177044203089,1215.2932282417803,1267.6059721395761
visibility,4,LightGBM,1238.6494848058264,1211.45448538806,1264.9075479369526
visibility,5,lstm,1432.166623733667,1396.359517132881,1471.7977929062852
visibility,5,gru,1476.8627180192248,1437.7468451709103,1518.4843349335695
visibility,5,transformer,1401.5233109914918,1366.77073891388,1437.6664202106067
visibility,5,Persistence,1565.4346150586182,1526.7639495360766,1603.5981394727721
visibility,5,LinearRegression,1381.8631044494618,1346.62839475709,1417.5303034590056
visibility,5,XGBoost,1320.7607998583765,1292.6727816429732,1350.045899205899
visibility,5,LightGBM,1323.1309249526623,1293.7533478459272,1351.9862259269373
